segment,cwe,cve_links,distinct_cves,incidents,ibss_observed,ibss_potential,share_of_segment_cwe_tagged_links
ai-exploited,CWE-306,4,3,4,32,48,0.286
ai-exploited,CWE-918,3,3,1,8,16,0.214
ai-exploited,CWE-94,2,2,1,8,16,0.143
ai-exploited,CWE-20,1,1,1,8,16,0.071
ai-exploited,CWE-95,1,1,1,8,16,0.071
ai-exploited,CWE-287,1,1,1,8,16,0.071
ai-exploited,CWE-290,1,1,1,8,16,0.071
ai-exploited,CWE-502,1,1,1,8,16,0.071
ai-exploited,CWE-787,1,1,1,8,8,0.071
ai-exploited,CWE-913,1,1,1,8,16,0.071
ai-written,CWE-918,21,21,1,4,8,0.133
ai-written,CWE-22,19,19,1,4,8,0.12
ai-written,CWE-78,11,11,1,4,8,0.07
ai-written,CWE-862,10,10,1,4,8,0.063
ai-written,CWE-200,9,9,1,4,8,0.057
ai-written,CWE-639,9,9,1,4,8,0.057
ai-written,CWE-94,8,8,1,4,8,0.051
ai-written,CWE-863,7,7,1,4,8,0.044
ai-written,CWE-284,6,6,1,4,8,0.038
ai-written,CWE-306,6,6,1,4,8,0.038
ai-written,CWE-77,5,5,1,4,8,0.032
ai-written,CWE-770,5,5,1,4,8,0.032
ai-written,CWE-74,4,4,1,4,8,0.025
ai-written,CWE-79,4,4,1,4,8,0.025
ai-written,CWE-20,3,3,1,4,8,0.019
ai-written,CWE-59,3,3,1,4,8,0.019
ai-written,CWE-345,3,3,1,4,8,0.019
ai-written,CWE-367,3,3,1,4,8,0.019
ai-written,CWE-15,2,2,1,4,8,0.013
ai-written,CWE-41,2,2,1,4,8,0.013
ai-written,CWE-73,2,2,1,4,8,0.013
ai-written,CWE-89,2,2,1,4,8,0.013
ai-written,CWE-201,2,2,1,4,8,0.013
ai-written,CWE-269,2,2,1,4,8,0.013
ai-written,CWE-347,2,2,1,4,8,0.013
ai-written,CWE-426,2,2,1,4,8,0.013
ai-written,CWE-532,2,2,1,4,8,0.013
ai-written,CWE-601,2,2,1,4,8,0.013
ai-written,CWE-668,2,2,1,4,8,0.013
ai-written,CWE-732,2,2,1,4,8,0.013
ai-written,CWE-807,2,2,1,4,8,0.013
ai-written,CWE-915,2,2,1,4,8,0.013
ai-written,CWE-942,2,2,1,4,8,0.013
ai-written,CWE-1321,2,2,1,4,8,0.013
ai-written,CWE-62,1,1,1,4,8,0.006
ai-written,CWE-80,1,1,1,4,8,0.006
ai-written,CWE-88,1,1,1,4,8,0.006
ai-written,CWE-119,1,1,1,4,8,0.006
ai-written,CWE-176,1,1,1,4,8,0.006
ai-written,CWE-212,1,1,1,4,8,0.006
ai-written,CWE-214,1,1,1,4,8,0.006
ai-written,CWE-266,1,1,1,4,8,0.006
ai-written,CWE-283,1,1,1,4,8,0.006
ai-written,CWE-285,1,1,1,4,8,0.006
ai-written,CWE-290,1,1,1,4,8,0.006
ai-written,CWE-294,1,1,1,4,8,0.006
ai-written,CWE-307,1,1,1,4,8,0.006
ai-written,CWE-311,1,1,1,4,8,0.006
ai-written,CWE-321,1,1,1,4,8,0.006
ai-written,CWE-327,1,1,1,4,8,0.006
ai-written,CWE-328,1,1,1,4,8,0.006
ai-written,CWE-346,1,1,1,4,8,0.006
ai-written,CWE-358,1,1,1,4,8,0.006
ai-written,CWE-400,1,1,1,4,8,0.006
ai-written,CWE-416,1,1,1,4,8,0.006
ai-written,CWE-436,1,1,1,4,8,0.006
ai-written,CWE-441,1,1,1,4,8,0.006
ai-written,CWE-459,1,1,1,4,8,0.006
ai-written,CWE-460,1,1,1,4,8,0.006
ai-written,CWE-488,1,1,1,4,8,0.006
ai-written,CWE-522,1,1,1,4,8,0.006
ai-written,CWE-610,1,1,1,4,8,0.006
ai-written,CWE-636,1,1,1,4,8,0.006
ai-written,CWE-648,1,1,1,4,8,0.006
ai-written,CWE-657,1,1,1,4,8,0.006
ai-written,CWE-693,1,1,1,4,8,0.006
ai-written,CWE-696,1,1,1,4,8,0.006
ai-written,CWE-707,1,1,1,4,8,0.006
ai-written,CWE-749,1,1,1,4,8,0.006
ai-written,CWE-754,1,1,1,4,8,0.006
ai-written,CWE-913,1,1,1,4,8,0.006
ai-written,CWE-943,1,1,1,4,8,0.006
ai-written,CWE-1236,1,1,1,4,8,0.006
ai-written,CWE-1295,1,1,1,4,8,0.006
ai-written,CWE-1333,1,1,1,4,8,0.006
ai-written,CWE-1336,1,1,1,4,8,0.006
ai-stack-vulnerability,CWE-77,4,4,3,4,32,0.167
ai-stack-vulnerability,CWE-94,4,4,3,4,24,0.167
ai-stack-vulnerability,CWE-22,3,3,3,5,32,0.125
ai-stack-vulnerability,CWE-78,3,3,3,6,40,0.125
ai-stack-vulnerability,CWE-183,2,1,2,4,24,0.083
ai-stack-vulnerability,CWE-200,2,1,2,4,24,0.083
ai-stack-vulnerability,CWE-515,2,1,2,4,24,0.083
ai-stack-vulnerability,CWE-20,1,1,1,2,16,0.042
ai-stack-vulnerability,CWE-59,1,1,1,2,16,0.042
ai-stack-vulnerability,CWE-61,1,1,1,2,8,0.042
ai-stack-vulnerability,CWE-74,1,1,1,1,8,0.042
ai-stack-vulnerability,CWE-79,1,1,1,1,8,0.042
ai-stack-vulnerability,CWE-125,1,1,1,4,8,0.042
ai-stack-vulnerability,CWE-269,1,1,1,1,8,0.042
ai-stack-vulnerability,CWE-306,1,1,1,2,16,0.042
ai-stack-vulnerability,CWE-522,1,1,1,2,8,0.042
ai-stack-vulnerability,CWE-669,1,1,1,4,8,0.042
ai-stack-vulnerability,CWE-693,1,1,1,1,8,0.042
ai-stack-vulnerability,CWE-829,1,1,1,1,8,0.042
ai-stack-vulnerability,CWE-942,1,1,1,2,16,0.042
malicious-release,CWE-506,4,3,3,32,40,1
ai-discovered,CWE-416,4,4,3,3,20,0.143
ai-discovered,CWE-121,3,3,2,3,24,0.107
ai-discovered,CWE-295,3,3,2,3,24,0.107
ai-discovered,CWE-77,2,2,2,2,16,0.071
ai-discovered,CWE-22,1,1,1,1,8,0.036
ai-discovered,CWE-59,1,1,1,2,16,0.036
ai-discovered,CWE-78,1,1,1,1,8,0.036
ai-discovered,CWE-89,1,1,1,1,8,0.036
ai-discovered,CWE-90,1,1,1,1,8,0.036
ai-discovered,CWE-248,1,1,1,1,8,0.036
ai-discovered,CWE-287,1,1,1,1,8,0.036
ai-discovered,CWE-369,1,1,1,1,8,0.036
ai-discovered,CWE-400,1,1,1,1,8,0.036
ai-discovered,CWE-415,1,1,1,1,8,0.036
ai-discovered,CWE-434,1,1,1,1,8,0.036
ai-discovered,CWE-613,1,1,1,1,8,0.036
ai-discovered,CWE-787,1,1,1,1,8,0.036
ai-discovered,CWE-843,1,1,1,1,8,0.036
ai-discovered,CWE-862,1,1,1,1,8,0.036
ai-discovered,CWE-915,1,1,1,1,8,0.036
related,CWE-78,9,9,3,8,32,0.205
related,CWE-22,4,4,3,12,40,0.091
related,CWE-306,4,4,3,14,40,0.091
related,CWE-20,3,3,1,2,8,0.068
related,CWE-77,3,3,2,4,24,0.068
related,CWE-59,2,2,1,2,8,0.045
related,CWE-89,2,2,1,2,16,0.045
related,CWE-122,2,2,2,3,24,0.045
related,CWE-200,2,2,2,10,24,0.045
related,CWE-269,2,2,2,10,32,0.045
related,CWE-285,2,2,2,4,24,0.045
related,CWE-416,2,2,2,3,24,0.045
related,CWE-506,2,2,2,12,24,0.045
related,CWE-639,2,2,2,10,32,0.045
related,CWE-61,1,1,1,2,8,0.023
related,CWE-74,1,1,1,2,16,0.023
related,CWE-79,1,1,1,2,8,0.023
related,CWE-94,1,1,1,2,16,0.023
related,CWE-190,1,1,1,2,16,0.023
related,CWE-290,1,1,1,2,16,0.023
related,CWE-327,1,1,1,2,16,0.023
related,CWE-346,1,1,1,8,16,0.023
related,CWE-377,1,1,1,2,8,0.023
related,CWE-426,1,1,1,2,8,0.023
related,CWE-494,1,1,1,4,16,0.023
related,CWE-501,1,1,1,2,8,0.023
related,CWE-601,1,1,1,2,8,0.023
related,CWE-668,1,1,1,2,8,0.023
related,CWE-732,1,1,1,2,16,0.023
related,CWE-787,1,1,1,2,16,0.023
related,CWE-807,1,1,1,2,8,0.023
related,CWE-829,1,1,1,8,16,0.023
related,CWE-915,1,1,1,1,8,0.023
