cwe,incidents,cve_links,distinct_cves,ibss_observed,ibss_potential,rank_observed,rank_potential,incident_ids,segments
CWE-306,6,11,9,38,72,1,1,DR-2026-008; DR-2026-011; DR-2026-020; DR-2026-023; DR-2026-036; DR-2026-057,ai-exploited; ai-written; ai-stack-vulnerability
CWE-506,3,4,3,32,40,2,4,DB-2026-001; DR-2026-010; DR-2026-022,malicious-release
CWE-94,5,14,14,15,48,3,2,DR-2026-008; DR-2026-036; DR-2026-062; DR-2026-080; DR-2026-089,ai-exploited; ai-written; ai-stack-vulnerability
CWE-20,3,5,5,13,40,4,5,DR-2026-008; DR-2026-036; DR-2026-056,ai-exploited; ai-written; ai-stack-vulnerability
CWE-290,2,2,2,12,24,5,9,DR-2026-011; DR-2026-036,ai-exploited; ai-written
CWE-913,2,2,2,12,24,6,10,DR-2026-008; DR-2026-036,ai-exploited; ai-written
CWE-918,2,24,24,12,24,7,11,DB-2026-006; DR-2026-036,ai-exploited; ai-written
CWE-78,4,14,13,9,48,8,3,DR-2026-036; DR-2026-057; DR-2026-059; DR-2026-062,ai-written; ai-stack-vulnerability
CWE-77,4,9,9,8,40,9,6,DR-2026-036; DR-2026-059; DR-2026-081; DR-2026-083,ai-written; ai-stack-vulnerability
CWE-95,1,1,1,8,16,10,16,DR-2026-008,ai-exploited
CWE-287,1,1,1,8,16,11,17,DB-2026-006,ai-exploited
CWE-502,1,1,1,8,16,12,18,DB-2026-006,ai-exploited
CWE-22,4,22,22,7,40,13,7,DR-2026-036; DR-2026-060; DR-2026-062; DR-2026-080,ai-written; ai-stack-vulnerability
CWE-200,3,11,10,6,32,14,8,DR-2026-036; DR-2026-056; DR-2026-062,ai-written; ai-stack-vulnerability
CWE-942,2,3,2,6,24,15,12,DR-2026-036; DR-2026-057,ai-written; ai-stack-vulnerability
CWE-59,2,4,4,5,24,16,13,DR-2026-036; DR-2026-060,ai-written; ai-stack-vulnerability
CWE-74,2,5,5,5,16,17,19,DR-2026-036; DR-2026-087,ai-written; ai-stack-vulnerability
CWE-79,2,5,5,5,16,18,20,DR-2026-036; DR-2026-087,ai-written; ai-stack-vulnerability
CWE-269,2,3,3,5,16,19,21,DR-2026-036; DR-2026-089,ai-written; ai-stack-vulnerability
CWE-522,2,2,2,5,16,20,22,DR-2026-036; DR-2026-062,ai-written; ai-stack-vulnerability
CWE-693,2,2,2,5,16,21,23,DR-2026-036; DR-2026-089,ai-written; ai-stack-vulnerability
CWE-15,1,2,2,4,8,22,24,DR-2026-036,ai-written
CWE-41,1,2,2,4,8,23,25,DR-2026-036,ai-written
CWE-62,1,1,1,4,8,24,26,DR-2026-036,ai-written
CWE-73,1,2,2,4,8,25,27,DR-2026-036,ai-written
CWE-80,1,1,1,4,8,26,28,DR-2026-036,ai-written
CWE-88,1,1,1,4,8,27,29,DR-2026-036,ai-written
CWE-89,1,2,2,4,8,28,30,DR-2026-036,ai-written
CWE-119,1,1,1,4,8,29,31,DR-2026-036,ai-written
CWE-125,1,1,1,4,8,30,32,DR-2026-037,ai-stack-vulnerability
CWE-176,1,1,1,4,8,31,33,DR-2026-036,ai-written
CWE-201,1,2,2,4,8,32,34,DR-2026-036,ai-written
CWE-212,1,1,1,4,8,33,35,DR-2026-036,ai-written
CWE-214,1,1,1,4,8,34,36,DR-2026-036,ai-written
CWE-266,1,1,1,4,8,35,37,DR-2026-036,ai-written
CWE-283,1,1,1,4,8,36,38,DR-2026-036,ai-written
CWE-284,1,6,6,4,8,37,39,DR-2026-036,ai-written
CWE-285,1,1,1,4,8,38,40,DR-2026-036,ai-written
CWE-294,1,1,1,4,8,39,41,DR-2026-036,ai-written
CWE-307,1,1,1,4,8,40,42,DR-2026-036,ai-written
CWE-311,1,1,1,4,8,41,43,DR-2026-036,ai-written
CWE-321,1,1,1,4,8,42,44,DR-2026-036,ai-written
CWE-327,1,1,1,4,8,43,45,DR-2026-036,ai-written
CWE-328,1,1,1,4,8,44,46,DR-2026-036,ai-written
CWE-345,1,3,3,4,8,45,47,DR-2026-036,ai-written
CWE-346,1,1,1,4,8,46,48,DR-2026-036,ai-written
CWE-347,1,2,2,4,8,47,49,DR-2026-036,ai-written
CWE-358,1,1,1,4,8,48,50,DR-2026-036,ai-written
CWE-367,1,3,3,4,8,49,51,DR-2026-036,ai-written
CWE-400,1,1,1,4,8,50,52,DR-2026-036,ai-written
CWE-416,1,1,1,4,8,51,53,DR-2026-036,ai-written
CWE-426,1,2,2,4,8,52,54,DR-2026-036,ai-written
CWE-436,1,1,1,4,8,53,55,DR-2026-036,ai-written
CWE-441,1,1,1,4,8,54,56,DR-2026-036,ai-written
CWE-459,1,1,1,4,8,55,57,DR-2026-036,ai-written
CWE-460,1,1,1,4,8,56,58,DR-2026-036,ai-written
CWE-488,1,1,1,4,8,57,59,DR-2026-036,ai-written
CWE-532,1,2,2,4,8,58,60,DR-2026-036,ai-written
CWE-601,1,2,2,4,8,59,61,DR-2026-036,ai-written
CWE-610,1,1,1,4,8,60,62,DR-2026-036,ai-written
CWE-636,1,1,1,4,8,61,63,DR-2026-036,ai-written
CWE-639,1,9,9,4,8,62,64,DR-2026-036,ai-written
CWE-648,1,1,1,4,8,63,65,DR-2026-036,ai-written
CWE-657,1,1,1,4,8,64,66,DR-2026-036,ai-written
CWE-668,1,2,2,4,8,65,67,DR-2026-036,ai-written
CWE-669,1,1,1,4,8,66,68,DR-2026-039,ai-stack-vulnerability
CWE-696,1,1,1,4,8,67,69,DR-2026-036,ai-written
CWE-707,1,1,1,4,8,68,70,DR-2026-036,ai-written
CWE-732,1,2,2,4,8,69,71,DR-2026-036,ai-written
CWE-749,1,1,1,4,8,70,72,DR-2026-036,ai-written
CWE-754,1,1,1,4,8,71,73,DR-2026-036,ai-written
CWE-770,1,5,5,4,8,72,74,DR-2026-036,ai-written
CWE-807,1,2,2,4,8,73,75,DR-2026-036,ai-written
CWE-862,1,10,10,4,8,74,76,DR-2026-036,ai-written
CWE-863,1,7,7,4,8,75,77,DR-2026-036,ai-written
CWE-915,1,2,2,4,8,76,78,DR-2026-036,ai-written
CWE-943,1,1,1,4,8,77,79,DR-2026-036,ai-written
CWE-1236,1,1,1,4,8,78,80,DR-2026-036,ai-written
CWE-1295,1,1,1,4,8,79,81,DR-2026-036,ai-written
CWE-1321,1,2,2,4,8,80,82,DR-2026-036,ai-written
CWE-1333,1,1,1,4,8,81,83,DR-2026-036,ai-written
CWE-1336,1,1,1,4,8,82,84,DR-2026-036,ai-written
CWE-183,2,2,1,2,24,83,14,DR-2026-056; DR-2026-062,ai-stack-vulnerability
CWE-515,2,2,1,2,24,84,15,DR-2026-056; DR-2026-062,ai-stack-vulnerability
CWE-61,1,1,1,1,8,85,85,DR-2026-062,ai-stack-vulnerability
CWE-829,1,1,1,1,8,86,86,DR-2026-089,ai-stack-vulnerability
