cve,action,kev_date_added,incidents_relations,cvss,cvss_version,product,cna_cwe,title
CVE-2017-7269,patch,2021-11-03,DB-2026-018:toolkit,,,n/a/n/a,,Microsoft Windows Server Buffer Overflow Vulnerability
CVE-2021-3156,patch,2022-04-06,DB-2026-018:toolkit,,,n/a/n/a,,Sudo Heap-Based Buffer Overflow Vulnerability
CVE-2021-4034,patch,2022-06-27,DB-2026-018:toolkit,,,n/a/polkit,CWE-787,Red Hat Polkit Out-of-Bounds Read and Write Vulnerability
CVE-2025-3248,patch,2025-05-05,DR-2026-008:related; DR-2026-011:exploited,9.8,3.1,langflow-ai/langflow,CWE-306,Langflow < 1.3.0 Unauthenticated RCE via /api/v1/validate/code
CVE-2025-68613,patch,2026-03-11,DR-2026-008:attempted,10,3.1,n8n-io/n8n,CWE-913,n8n Vulnerable to Remote Code Execution via Expression Injection
CVE-2026-33017,patch,2026-03-25,DR-2026-008:exploited,9.3,4.0,langflow-ai/langflow,CWE-94; CWE-95; CWE-306,Langflow has Unauthenticated Remote Code Execution via Public Flow Build Endpoint
CVE-2026-39987,patch,2026-04-23,DR-2026-020:exploited; DR-2026-023:exploited,9.3,4.0,marimo-team/marimo,CWE-306,marimo Affected by Pre-Auth Remote Code Execution via Terminal WebSocket Authentication Bypass
CVE-2026-31431,patch,2026-05-01,DB-2026-018:toolkit,7.8,3.1,Linux/Linux,,crypto: algif_aead - Revert to operating out-of-place
CVE-2026-9198,patch,2026-08-04,DR-2026-008:exploited,9.8,3.1,IBM/Langflow OSS,CWE-94,Unauthenticated Remote Code Execution via Auto-Login Bypass and Code Validation
CVE-2026-33634,remove,2026-03-26,DB-2026-001:self-malicious-release; DR-2026-010:self-malicious-release,9.4,4.0,BerriAI/LiteLLM; aquasecurity/setup-trivy; aquasecurity/trivy; aquasecurity/trivy-action; team-telnyx/telnyx,CWE-506,Trivy ecosystem supply chain briefly compromised
CVE-2026-45321,remove,2026-05-27,DR-2026-022:self-malicious-release,9.6,3.1,@tanstack/arktype-adapter; @tanstack/eslint-plugin-router; @tanstack/eslint-plugin-start; @tanstack/history; @tanstack/nitro-v2-vite-plugin; @tanstack/outer-vite-plugin; @tanstack/react-router; @tanstack/react-router-devtools; @tanstack/react-router-ssr-query; @tanstack/react-start; @tanstack/react-start-client; @tanstack/react-start-rsc; @tanstack/react-start-server; @tanstack/router-cli; @tanstack/router-core; @tanstack/router-devtools; @tanstack/router-devtools-core; @tanstack/router-generator; @tanstack/router-plugin; @tanstack/router-ssr-query-core; @tanstack/router-utils; @tanstack/solid-router; @tanstack/solid-router-devtools; @tanstack/solid-router-ssr-query; @tanstack/solid-start; @tanstack/solid-start-client; @tanstack/solid-start-server; @tanstack/start-client-core; @tanstack/start-fn-stubs; @tanstack/start-plugin-core; @tanstack/start-server-core; @tanstack/start-static-server-functions; @tanstack/start-storage-context; @tanstack/valibot-adapter; @tanstack/virtual-file-routes; @tanstack/vue-router; @tanstack/vue-router-devtools; @tanstack/vue-router-ssr-query; @tanstack/vue-start; @tanstack/vue-start-client; @tanstack/vue-start-server; @tanstack/zod-adapter,CWE-506,"Malware in 42 @tanstack/* packages exfiltrates cloud credentials, GitHub tokens, and SSH keys"
CVE-2026-42208,watch,2026-05-08,DR-2026-057:related,9.3,4.0,BerriAI/litellm,CWE-89,LiteLLM: SQL injection in Proxy API key verification
CVE-2025-34291,watch,2026-05-21,DR-2026-008:related,9.4,4.0,Langflow/Langflow,CWE-346,Langflow <= 1.6.9 CORS Misconfiguration to Token Hijack & RCE
CVE-2026-42271,watch,2026-06-08,DR-2026-059:related,8.7,4.0,BerriAI/litellm,CWE-77; CWE-78,LiteLLM: Authenticated command execution via MCP stdio test endpoints
CVE-2026-55255,watch,2026-07-07,DR-2026-008:related,8.4,3.1,langflow-ai/langflow,CWE-639,Langflow: IDOR Vulnerability in `/api/v1/responses` Endpoint Allows Authenticated Attackers to Access Another User's Flow
CVE-2026-0770,watch,2026-07-21,DR-2026-008:related,9.8,3.0,Langflow/Langflow,CWE-829,Langflow exec_globals Inclusion of Functionality from Untrusted Control Sphere Remote Code Execution Vulnerability
